{
  "a_and_r": [
    0.960660636476813,
    0.960660636476813,
    0.960660636476813,
    0.960660636476813,
    0.960660636476813,
    0.960660636476813,
    0.960660636476813,
    0.960660636476813,
    0.960660636476813,
    0.960660636476813
  ],
  "creative_revenue": [
    0.9765079365079368,
    0.9765079365079368,
    0.9765079365079368,
    0.9765079365079368,
    0.9765079365079368,
    0.9765079365079368,
    0.9765079365079368,
    0.9765079365079368,
    0.9765079365079368,
    0.9765079365079368
  ],
  "operations": [
    0.9802713429421462,
    0.9802713429421462,
    0.9802713429421462,
    0.9802713429421462,
    0.9802713429421462,
    0.9802713429421462,
    0.9802713429421462,
    0.9802713429421462,
    0.9802713429421462,
    0.9802713429421462
  ],
  "legal": [
    0.9613153464469254,
    0.9613153464469254,
    0.9613153464469254,
    0.9613153464469254,
    0.9613153464469254,
    0.9613153464469254,
    0.9613153464469254,
    0.9613153464469254,
    0.9613153464469254,
    0.9613153464469254
  ]
}